label,message
ham,"Hey, are we still meeting at 5 today?"
spam,"Congratulations! You have won a free lottery ticket. Claim now!"
ham,"Can you send me the assignment notes?"
spam,"URGENT! You have won $1000. Click here to claim your prize!"
ham,"Don't forget to bring your laptop tomorrow."
spam,"FREE entry in our weekly contest! Text WIN to 99999 now!"
ham,"I'll call you when I reach home."
spam,"You have been selected for a cash reward. Claim immediately!"
ham,"Are you coming to college today?"
spam,"Congratulations! You are the lucky winner of a brand new phone!"
ham,"Please send me the project file."
spam,"Exclusive offer! Get 90% discount today. Click now!"
ham,"What time is the meeting?"
spam,"You won a FREE vacation! Call now to claim your reward!"
ham,"Can you help me with this problem?"
spam,"URGENT OFFER! Claim your free prize before it expires!"
ham,"I'll send the documents tonight."
spam,"You have won a guaranteed cash prize. Reply WIN now!"
ham,"Let's meet after class."
spam,"Congratulations! Your number has won a special reward!"
ham,"Please remind me about the presentation."
spam,"FREE MONEY waiting for you! Claim your reward now!"
ham,"Can you review my code?"
spam,"Limited time offer! Win a brand new car today!"
ham,"I'll be late to class."
spam,"You are selected for an exclusive cash bonus. Claim now!"
ham,"Did you finish the assignment?"
spam,"WIN BIG! You have been chosen for a free reward!"
ham,"Let's discuss the project tomorrow."
spam,"Congratulations! Claim your free gift by clicking this link!"
ham,"The class has been moved to room 204."
spam,"Act now! Get your free shopping voucher worth $500!"
ham,"Can you share the meeting link?"
spam,"You have been selected for a special promotion. Claim your reward!"
ham,"I'll reach college in ten minutes."
spam,"FREE cash prize! Send your details now to receive it!"
ham,"Please check the document I sent you."
spam,"Congratulations! You have won an exclusive holiday package!"
ham,"What are we doing for the project?"
spam,"Special offer just for you! Buy now and get a huge discount!"
ham,"I'll message you after the class."
spam,"You are today's lucky winner! Claim your prize immediately!"
ham,"Can you send me the timetable?"
spam,"Get FREE rewards by registering today!"
ham,"Are you free this evening?"
spam,"Your mobile number has won a cash reward. Call now!"
ham,"I'll submit the assignment before the deadline."
spam,"Congratulations! You qualify for a free gift. Click now!"
ham,"Let's meet in the library."
spam,"Limited offer! Claim your bonus before midnight!"
ham,"Can you explain this question?"
spam,"You have won a brand new smartphone. Claim now!"
ham,"I'll call you later."
spam,"FREE voucher waiting for you. Claim immediately!"
ham,"Please send the presentation slides."
spam,"Congratulations! You have been chosen for a $1000 reward!"
ham,"Are you coming to the workshop?"
spam,"Exclusive deal! Get 80% off today only!"
ham,"I'll see you tomorrow."
spam,"You are the lucky winner of our weekly cash giveaway!"
ham,"Can you help me debug this program?"
spam,"Act fast! Your free reward expires today!"
ham,"The meeting starts at 3 PM."
spam,"Claim your FREE prize by replying YES now!"
ham,"I'll send you the details tonight."
spam,"Congratulations! You have received a special cash bonus!"
ham,"Please remind me to bring my ID card."
spam,"Win exciting prizes by entering our FREE contest!"
ham,"Can you join the call now?"
spam,"You have been selected to receive $5000. Claim immediately!"
ham,"Let's work on the project tomorrow."
spam,"FREE gift card available! Click to claim!"
ham,"What did the professor say about the assignment?"
spam,"Congratulations! You are our lucky customer. Claim your reward!"
ham,"I'll send the code after dinner."
spam,"Special promotion! Get your free coupon now!"
ham,"Can you check if the server is working?"
spam,"You have won a free shopping voucher. Claim before it expires!"
ham,"I'm going to the library now."
spam,"URGENT! Your reward is waiting. Claim it now!"
ham,"Please upload the file to the group."
spam,"FREE entry! You could win a brand new car!"
ham,"Are we having class tomorrow?"
spam,"Congratulations! You have been selected for a free vacation!"
ham,"I'll be there in five minutes."
spam,"Claim your exclusive bonus before the offer ends!"
ham,"Can you send the notes from yesterday?"
spam,"You are eligible for a special cash reward. Apply now!"
ham,"The assignment looks difficult."
spam,"WIN NOW! Get a guaranteed prize by replying YES!"
ham,"I'll call you once I reach home."
spam,"You have won a FREE gift. Click the link to claim!"
ham,"Please review the final report."
spam,"Exclusive reward available for selected customers. Claim now!"
ham,"Can we discuss this after lunch?"
spam,"Congratulations! Your number has been chosen for a cash prize!"
ham,"I'll bring the documents tomorrow."
spam,"Get a FREE bonus when you register today!"
ham,"Did you attend the lecture?"
spam,"You have been selected for a special discount. Shop now!"
ham,"Let's meet near the canteen."
spam,"Your free reward is waiting. Claim immediately!"
ham,"Can you send me the GitHub link?"
spam,"Congratulations! You have won a luxury holiday. Claim now!"
ham,"I'll finish the work tonight."
spam,"Limited time! Get your FREE voucher before midnight!"
ham,"What is the deadline for the project?"
spam,"You have received a surprise cash reward. Claim now!"
ham,"Please send the meeting details."
spam,"FREE MONEY! You have been selected for a cash prize!"
ham,"I'll join the meeting shortly."
spam,"Claim your free smartphone by replying WIN!"
ham,"Can you help me with the presentation?"
spam,"Congratulations! You qualify for a special reward!"